case_id,temperature_K,total_pressure_Pa,y_CO2,y_H2,q_CO2_mol_per_kg,q_H2_mol_per_kg,denominator,CO2_n_inf,CO2_k_inv_Pa,CO2_s,CO2_term,H2_n_inf,H2_k_inv_Pa,H2_s,H2_term
pure_CO2_298p15K_1bar,298.15,100000.0,1.0,0.0,1.608119107203827,0.0,1.1368193924244652,13.361709579341264,6.759221203918438e-07,0.7382701275914949,0.13681939242446517,6.66,3.67006283820357e-08,0.96,0.0
pure_CO2_298p15K_20bar,298.15,2000000.0,1.0,0.0,7.421266878124588,0.0,2.2492784210517875,13.361709579341264,6.759221203918438e-07,0.7382701275914949,1.2492784210517878,6.66,3.67006283820357e-08,0.96,0.0
pure_H2_298p15K_20bar,298.15,2000000.0,0.0,1.0,0.0,0.5017983851142225,1.0814845658676164,13.361709579341264,6.759221203918438e-07,0.7382701275914949,0.0,6.66,3.67006283820357e-08,0.96,0.0814845658676165
binary_50_50_298p15K_20bar,298.15,2000000.0,0.5,0.5,5.5877663430451445,0.15578269535226913,1.7907772796262829,13.361709579341264,6.759221203918438e-07,0.7382701275914949,0.7488895752125011,6.66,3.67006283820357e-08,0.96,0.04188770441378175
binary_40_60_298p15K_30bar,298.15,3000000.0,0.4,0.6,5.930363990732104,0.2540778364651347,1.9304369053479447,13.361709579341264,6.759221203918438e-07,0.7382701275914949,0.8567910746657741,6.66,3.67006283820357e-08,0.96,0.07364583068217054
binary_50_50_323p15K_20bar,323.15,2000000.0,0.5,0.5,4.059638604172986,0.1285509784880695,1.6167239330105212,11.209415888820713,5.078789797735528e-07,0.7900351070555224,0.5855180105580314,6.66,2.70082783571465e-08,0.96,0.031205922452489886
